0022	''
0060	'
007C	l
00A2	c
00A5	Y
00B4	'
00B8	,
00C7	C
00D0	D
00D7	x
00D8	O
00E7	c
00F8	o
00FE	p
0110	D
0111	d
0126	H
0127	h
0131	i
0141	L
0142	l
014B	n
0166	T
0167	t
017F	f
0180	b
0182	B
0183	b
0184	B
0189	D
018C	d
018D	g
0191	F
0192	f
0196	I
0197	I
0199	k
019A	l
019D	N
019E	n
019F	O
01A5	p
01A6	R
01AD	t
01AE	T
01B4	y
01B5	Z
01B6	z
01BD	s
01BF	p
01C0	l
01E4	G
01E5	g
01FE	O
0224	Z
0225	z
023C	c
023E	T
0244	U
0246	E
0247	e
0248	J
0249	j
024D	r
024E	Y
024F	y
0251	a
0253	b
0256	d
0257	d
0259	e
025B	e
0260	g
0261	g
0263	y
0266	h
0268	i
0269	i
026A	i
026B	l
026D	l
026E	l\u{021D}
026F	w
0271	rn
0273	n
0275	o
027C	r
027D	r
0282	s
028B	u
028F	y
0290	z
0292	z
0294	?
0295	\u{A7CE}
02A0	q
02A3	dz
02A4	d\u{021D}
02A6	ts
02A9	fn
02AA	ls
02AB	lz
02B9	'
02BA	''
02BB	'
02BC	'
02BD	'
02BE	'
02C2	<
02C3	>
02C4	^
02C6	^
02C8	'
02CA	'
02CB	'
02D0	:
02D7	-
02DB	i
02DC	~
02DD	''
02EE	''
02F4	'
02F6	''
02F8	:
0370	H
0374	'
037A	i
037D	c
037E	;
037F	J
0384	'
0391	A
0392	B
0395	E
0396	Z
0397	H
0398	O
0399	I
039A	K
039B	A
039C	M
039D	N
039F	O
03A1	P
03A3	S
03A4	T
03A5	Y
03A7	X
03AF	i
03B1	a
03B2	b
03B3	y
03B4	d
03B5	e
03B7	n
03B8	o
03B9	l
03BA	k
03BD	v
03BF	o
03C0	n
03C1	p
03C3	o
03C5	u
03C7	x
03C9	w
03CA	i
03CC	o
03D0	b
03D1	o
03D2	Y
03DC	F
03E8	2
03E9	s
03EC	6
03ED	o
03F0	k
03F1	p
03F2	c
03F3	j
03F4	O
03F5	e
03F7	P
03F8	p
03F9	C
03FA	M
03FD	O
03FF	C
0404	E
0405	S
0406	I
0408	J
0410	A
0411	B
0412	B
0415	E
0417	3
041A	K
041B	A
041C	M
041D	H
041E	O
0420	P
0421	C
0422	T
0423	Y
0425	X
042B	bl
042C	B
042E	lO
0430	a
0431	6
0432	b
0433	r
0435	e
043A	k
043E	o
043F	n
0440	p
0441	c
0443	y
0445	x
0448	w
044B	\u{0185}i
044C	b
0454	e
0455	s
0456	i
0457	i
0458	j
045B	h
045F	u
0461	w
0462	B
0463	b
0472	O
0473	o
0474	V
0475	v
047B	o
047D	w
048C	B
048D	b
0491	r'
0493	r
0498	3
049A	K
049B	k
049E	K
049F	k
04A2	H
04AA	C
04AB	c
04AC	T
04AE	Y
04AF	y
04B0	Y
04B1	y
04B2	X
04BB	h
04BD	e
04BF	e
04C0	I
04C5	A
04C7	H
04C9	H
04CD	M
04CF	l
04D4	AE
04D5	ae
04D8	E
04D9	e
04E0	3
04E1	z
04E8	O
04E9	o
0501	d
050A	\u{01F6}
050C	G
0510	E
0511	e
051B	q
051C	W
051D	w
054D	U
054F	S
0555	O
055A	'
055D	'
0561	w
0563	q
0566	q
056E	d
0570	h
0572	n
0575	j
0578	n
057C	n
057D	u
0581	g
0582	i
0584	f
0585	o
0589	:
05C0	l
05C3	:
05D5	l
05D8	v
05D9	'
05DF	l
05E1	o
05F0	ll
05F1	l'
05F2	''
05F3	'
05F4	''
060D	,
0625	l
0627	l
0647	o
0660	.
0661	l
0665	o
0667	V
0668	a
066B	,
066D	*
0673	l
06BE	o
06C1	o
06D4	-
06D5	o
06F0	.
06F1	l
06F5	o
06F7	V
06F8	a
06FF	o
0701	.
0702	.
0703	:
0704	:
07C0	O
07CA	l
07F4	'
07F5	'
07FA	_
0903	:
0966	o
0969	3
097D	?
09E6	o
09EA	8
09ED	9
0A66	o
0A67	9
0A6A	8
0A83	:
0AE6	o
0AE9	3
0B03	8
0B20	O
0B66	o
0B68	9
0BE6	o
0C02	o
0C66	o
0C82	o
0CE6	O
0D02	o
0D1F	s
0D20	o
0D66	o
0D6D	9
0D82	o
0E50	o
0ED0	o
1004	c
1010	o
101D	o
1040	o
105A	c
10A0	T
10D7	o
10E7	y
10F3	z
10FF	o
1200	U
12D0	O
13A0	D
13A1	R
13A2	T
13A4	O'
13A5	I
13A8	H
13A9	Y
13AA	A
13AB	J
13AC	E
13AE	?
13B0	H
13B3	W
13B7	M
13BB	H
13BD	Y
13BE	O
13BF	T
13C0	G
13C2	H
13C3	Z
13CB	E
13CC	U
13CE	4
13CF	B
13D2	R
13D4	W
13D5	S
13D9	V
13DA	S
13DE	L
13DF	C
13E2	P
13E6	K
13E7	D
13EB	O
13EE	6
13F0	SS
13F2	H
13F3	G
13F4	B
1400	=
142F	V
1431	a
1433	>
1438	<
144A	'
144C	U
1467	U'
146D	P
146F	d
1472	b
1473	b
1486	P'
1487	d'
1488	b'
148D	J
14AA	L
14BF	2
1541	x
1577	d
157C	H
157D	x
1587	R
15AF	b
15B4	F
15B7	f
15C4	a
15C5	A
15DE	D
15EA	D
15F0	M
15F7	B
162E	u
1634	u
166D	X
166E	x
16B2	<
16B7	X
16C1	l
16CC	'
16D5	K
16D6	M
16EC	:
16ED	+
1735	/
17E0	o
1803	:
1809	:
1CD3	''
1D04	c
1D0B	k
1D0F	o
1D11	o
1D14	\u{01DD}o
1D1C	u
1D20	v
1D21	w
1D22	z
1D24	s
1D26	r
1D6B	ue
1D6E	f
1D6F	rn
1D70	n
1D72	r
1D74	s
1D75	t
1D76	z
1D7B	i
1D7C	i
1D7D	p
1D7E	u
1D83	g
1D8C	y
1D90	q
1E9D	f
1EFF	y
1FBD	'
1FBE	i
1FBF	'
1FC0	~
1FEF	'
1FFD	'
1FFE	'
2010	-
2011	-
2012	-
2013	-
2016	ll
2018	'
2019	'
201A	,
201B	'
201C	''
201D	''
201F	''
2024	.
2025	..
2026	...
2032	'
2033	''
2034	'''
2035	'
2036	''
2037	'''
2039	<
203A	>
203C	!!
2041	/
2043	-
2044	/
2047	??
2048	?!
2049	!?
204E	*
2053	~
2057	''''
205A	:
2079	9
20A1	C
20A5	rn
20A8	Rs
20A9	W
20AB	d
20AC	e
20AD	K
20AE	T
20B6	lt
2100	a/c
2101	a/s
2102	C
2105	c/o
2106	c/u
2107	E
210A	g
210B	H
210C	H
210D	H
210E	h
210F	h
2110	I
2111	I
2112	L
2113	l
2115	N
2116	No
2119	P
211A	Q
211B	R
211C	R
211D	R
2121	TEL
2124	Z
2127	u
2128	Z
212A	K
212C	B
212D	C
212E	e
212F	e
2130	E
2131	F
2133	M
2134	o
2139	i
213B	FAX
213D	y
2140	s
2145	D
2146	d
2147	e
2148	i
2149	j
2160	l
2161	ll
2162	lll
2163	lV
2164	V
2165	Vl
2166	Vll
2167	Vlll
2168	lX
2169	X
216A	Xl
216B	Xll
216C	L
216D	C
216E	D
216F	M
2170	i
2171	ii
2172	iii
2173	iv
2174	v
2175	vi
2176	vii
2177	viii
2178	ix
2179	x
217A	xi
217B	xii
217C	l
217D	c
217E	d
217F	rn
2183	O
2200	a
2203	e
2211	s
2212	-
2214	+
2215	/
2216	\u{005C}
2217	*
221E	oo
2223	l
2225	ll
2228	v
222A	U
2236	:
2238	-
223C	~
2250	=
2251	=
2257	=
2259	=
225A	=
225E	=
226A	<<
226B	>>
2296	O
229D	O
22A4	T
22C1	v
22C3	U
22D8	<<<
22D9	>>>
22F4	e
22FF	E
2361	T
2368	~
236C	O
2373	i
2374	p
2376	a
2377	e
2378	i
237A	a
23FD	l
244A	\u{005C}\u{005C}
2474	(l)
2475	(2)
2476	(3)
2477	(4)
2478	(5)
2479	(6)
247A	(7)
247B	(8)
247C	(9)
247D	(lO)
247E	(ll)
247F	(l2)
2480	(l3)
2481	(l4)
2482	(l5)
2483	(l6)
2484	(l7)
2485	(l8)
2486	(l9)
2487	(2O)
2488	l.
2489	2.
248A	3.
248B	4.
248C	5.
248D	6.
248E	7.
248F	8.
2490	9.
2491	lO.
2492	ll.
2493	l2.
2494	l3.
2495	l4.
2496	l5.
2497	l6.
2498	l7.
2499	l8.
249A	l9.
249B	2O.
249C	(a)
249D	(b)
249E	(c)
249F	(d)
24A0	(e)
24A1	(f)
24A2	(g)
24A3	(h)
24A4	(i)
24A5	(j)
24A6	(k)
24A7	(l)
24A8	(rn)
24A9	(n)
24AA	(o)
24AB	(p)
24AC	(q)
24AD	(r)
24AE	(s)
24AF	(t)
24B0	(u)
24B1	(v)
24B2	(w)
24B3	(x)
24B4	(y)
24B5	(z)
2502	l
256A	\u{01C2}
2571	/
2573	X
2768	(
2769	)
276E	<
276F	>
2772	(
2773	)
2774	{
2775	}
2795	+
2796	-
2797	\u{00F7}
27CB	/
27CD	\u{005C}
27D9	T
292B	x
292C	x
29F5	\u{005C}
29F6	/
29F8	/
29F9	\u{005C}
2A20	>>
2A22	+
2A23	+
2A24	+
2A25	+
2A26	+
2A29	-
2A2A	-
2A2F	x
2A30	x
2A6A	~
2A6E	=
2A74	::=
2A75	==
2A76	===
2AA5	><
2AFB	///
2AFD	//
2B96	=
2C67	H
2C69	K
2C82	B
2C85	r
2C88	E
2C89	e
2C8C	Z
2C8D	z
2C8E	H
2C90	O
2C91	o
2C92	I
2C93	i
2C94	K
2C95	k
2C98	M
2C9A	N
2C9C	3
2C9E	O
2C9F	o
2CA2	P
2CA3	p
2CA4	C
2CA5	c
2CA6	T
2CA8	Y
2CA9	y
2CAC	X
2CB2	-
2CB3	-
2CBA	-
2CBB	-
2CBD	w
2CC4	3
2CC5	z
2CC6	/
2CC7	/
2CCA	9
2CCB	9
2CCC	3
2CCD	z
2CCE	P
2CCF	p
2CD0	L
2CD2	6
2CD3	6
2CDC	6
2CDD	d
2CF9	\u{005C}\u{005C}
2D31	O
2D37	a
2D38	V
2D39	E
2D3A	e
2D41	O
2D49	s
2D4F	l
2D51	!
2D54	O
2D55	Q
2D5D	X
2E1A	-
2E1E	~
2E1F	~
2E28	((
2E29	))
2E39	d
2E40	=
2F02	\u{005C}
2F03	/
3003	''
3007	O
3014	(
3015	)
3033	/
30A0	=
30CE	/
31D3	/
31D4	\u{005C}
4E36	\u{005C}
4E3F	/
A4D0	B
A4D1	P
A4D2	d
A4D3	D
A4D4	T
A4D6	G
A4D7	K
A4D9	J
A4DA	C
A4DB	o
A4DC	Z
A4DD	F
A4DF	M
A4E0	N
A4E1	L
A4E2	S
A4E3	R
A4E5	a
A4E6	V
A4E7	H
A4EA	W
A4EB	X
A4EC	Y
A4EE	A
A4EF	a
A4F0	E
A4F1	e
A4F2	l
A4F3	O
A4F4	U
A4F8	.
A4F9	,
A4FA	..
A4FB	.,
A4FD	:
A4FE	-.
A4FF	=
A60E	.
A644	2
A645	s
A647	i
A695	h
A698	OO
A699	oo
A6B1	h
A6CE	a
A6DF	V
A6EB	?
A6EF	2
A731	s
A740	K
A74A	O
A74B	o
A761	w
A798	F
A799	f
A79F	u
A7B2	J
A7B3	X
A7B4	B
AB32	e
AB35	f
AB3D	o
AB3E	o
AB47	r
AB48	r
AB4E	u
AB52	u
AB5A	y
AB74	o
AB75	i
AB7E	\u{0242}
AB80	h
AB81	r
AB83	w
AB8E	o
AB93	z
AB9B	e
AB9C	u
AB9F	b
ABA9	v
ABAA	s
ABAF	c
ABB6	k
ABBB	o
FB00	ff
FB01	fi
FB02	fl
FB03	ffi
FB04	ffl
FB06	st
FB29	-
FBA6	o
FBA7	o
FBA8	o
FBA9	o
FBAA	o
FBAB	o
FBAC	o
FBAD	o
FCD9	o
FD3C	l
FD3D	l
FD3E	(
FD3F	)
FE30	:
FE4D	_
FE4E	_
FE4F	_
FE58	-
FE68	\u{005C}
FE87	l
FE88	l
FE8D	l
FE8E	l
FEE9	o
FEEA	o
FEEB	o
FEEC	o
FF01	!
FF02	''
FF07	'
FF1A	:
FF21	A
FF22	B
FF23	C
FF25	E
FF28	H
FF29	I
FF2A	J
FF2B	K
FF2D	M
FF2E	N
FF2F	O
FF30	P
FF33	S
FF34	T
FF38	X
FF39	Y
FF3A	Z
FF3B	(
FF3C	\u{005C}
FF3D	)
FF40	'
FF41	a
FF43	c
FF45	e
FF47	g
FF48	h
FF49	i
FF4A	j
FF4C	l
FF4F	o
FF50	p
FF53	s
FF56	v
FF58	x
FF59	y
FFE8	l
1018E	N
10196	X
10197	V
10198	llS
10199	ll
10282	B
10286	E
10287	F
1028A	l
1028D	a
10290	X
10292	O
10295	P
10296	S
10297	T
1029B	+
102A0	A
102A1	B
102A2	C
102A5	F
102AB	O
102B0	M
102B1	T
102B2	Y
102B4	X
102CF	H
102F5	Z
10301	B
10302	C
10309	l
10311	M
10315	T
10317	X
1031A	8
1031F	*
10320	l
10322	X
10401	E
10404	O
10415	C
1041B	L
1041F	A
10420	S
10423	O
10429	e
1042C	o
1043D	c
10448	s
104B0	A
104B4	R
104C2	O
104C4	P
104CE	U
104D2	7
104EA	o
104F6	u
10513	N
10516	O
10518	K
1051C	C
1051D	V
10525	F
10526	L
10527	X
10A50	.
114C5	w
114D0	o
11700	rn
11706	v
1170A	w
1170E	w
1170F	w
118A0	V
118A2	F
118A3	L
118A4	Y
118A6	E
118A9	Z
118AC	9
118AE	E
118AF	4
118B2	L
118B5	O
118B8	U
118BB	5
118BC	T
118C0	v
118C1	s
118C2	f
118C3	i
118C4	z
118C6	7
118C8	o
118CA	3
118CC	9
118CE	e
118D5	6
118D6	9
118D7	o
118D8	u
118DC	y
118E0	O
118E3	rn
118E5	Z
118E6	W
118E9	C
118EC	X
118EF	W
118F2	C
11DD9	:
11DDA	l
11DE0	O
11DE1	l
16EAA	l
16EB6	b
16ED1	b
16F08	V
16F0A	T
16F16	L
16F28	l
16F2D	e
16F35	R
16F3A	S
16F3B	3
16F3D	a
16F3F	>
16F40	A
16F42	U
16F43	Y
16F51	'
16F52	'
1CCD6	A
1CCD7	B
1CCD8	C
1CCD9	D
1CCDA	E
1CCDB	F
1CCDC	G
1CCDD	H
1CCDE	l
1CCDF	J
1CCE0	K
1CCE1	L
1CCE2	M
1CCE3	N
1CCE4	O
1CCE5	P
1CCE6	Q
1CCE7	R
1CCE8	S
1CCE9	T
1CCEA	U
1CCEB	V
1CCEC	W
1CCED	X
1CCEE	Y
1CCEF	Z
1CCF0	0
1CCF1	1
1CCF2	2
1CCF3	3
1CCF4	4
1CCF5	5
1CCF6	6
1CCF7	7
1CCF8	8
1CCF9	9
1D114	{
1D16D	.
1D206	3
1D20D	V
1D20F	\u{005C}
1D212	7
1D213	F
1D216	R
1D217	a
1D21A	O
1D221	e
1D22A	L
1D230	f
1D236	<
1D237	>
1D23A	/
1D23B	\u{005C}
1D400	A
1D401	B
1D402	C
1D403	D
1D404	E
1D405	F
1D406	G
1D407	H
1D408	I
1D409	J
1D40A	K
1D40B	L
1D40C	M
1D40D	N
1D40E	O
1D40F	P
1D410	Q
1D411	R
1D412	S
1D413	T
1D414	U
1D415	V
1D416	W
1D417	X
1D418	Y
1D419	Z
1D41A	a
1D41B	b
1D41C	c
1D41D	d
1D41E	e
1D41F	f
1D420	g
1D421	h
1D422	i
1D423	j
1D424	k
1D425	l
1D426	rn
1D427	n
1D428	o
1D429	p
1D42A	q
1D42B	r
1D42C	s
1D42D	t
1D42E	u
1D42F	v
1D430	w
1D431	x
1D432	y
1D433	z
1D434	A
1D435	B
1D436	C
1D437	D
1D438	E
1D439	F
1D43A	G
1D43B	H
1D43C	I
1D43D	J
1D43E	K
1D43F	L
1D440	M
1D441	N
1D442	O
1D443	P
1D444	Q
1D445	R
1D446	S
1D447	T
1D448	U
1D449	V
1D44A	W
1D44B	X
1D44C	Y
1D44D	Z
1D44E	a
1D44F	b
1D450	c
1D451	d
1D452	e
1D453	f
1D454	g
1D456	i
1D457	j
1D458	k
1D459	l
1D45A	rn
1D45B	n
1D45C	o
1D45D	p
1D45E	q
1D45F	r
1D460	s
1D461	t
1D462	u
1D463	v
1D464	w
1D465	x
1D466	y
1D467	z
1D468	A
1D469	B
1D46A	C
1D46B	D
1D46C	E
1D46D	F
1D46E	G
1D46F	H
1D470	I
1D471	J
1D472	K
1D473	L
1D474	M
1D475	N
1D476	O
1D477	P
1D478	Q
1D479	R
1D47A	S
1D47B	T
1D47C	U
1D47D	V
1D47E	W
1D47F	X
1D480	Y
1D481	Z
1D482	a
1D483	b
1D484	c
1D485	d
1D486	e
1D487	f
1D488	g
1D489	h
1D48A	i
1D48B	j
1D48C	k
1D48D	l
1D48E	rn
1D48F	n
1D490	o
1D491	p
1D492	q
1D493	r
1D494	s
1D495	t
1D496	u
1D497	v
1D498	w
1D499	x
1D49A	y
1D49B	z
1D49C	A
1D49E	C
1D49F	D
1D4A2	G
1D4A5	J
1D4A6	K
1D4A9	N
1D4AA	O
1D4AB	P
1D4AC	Q
1D4AE	S
1D4AF	T
1D4B0	U
1D4B1	V
1D4B2	W
1D4B3	X
1D4B4	Y
1D4B5	Z
1D4B6	a
1D4B7	b
1D4B8	c
1D4B9	d
1D4BB	f
1D4BD	h
1D4BE	i
1D4BF	j
1D4C0	k
1D4C1	l
1D4C2	rn
1D4C3	n
1D4C5	p
1D4C6	q
1D4C7	r
1D4C8	s
1D4C9	t
1D4CA	u
1D4CB	v
1D4CC	w
1D4CD	x
1D4CE	y
1D4CF	z
1D4D0	A
1D4D1	B
1D4D2	C
1D4D3	D
1D4D4	E
1D4D5	F
1D4D6	G
1D4D7	H
1D4D8	I
1D4D9	J
1D4DA	K
1D4DB	L
1D4DC	M
1D4DD	N
1D4DE	O
1D4DF	P
1D4E0	Q
1D4E1	R
1D4E2	S
1D4E3	T
1D4E4	U
1D4E5	V
1D4E6	W
1D4E7	X
1D4E8	Y
1D4E9	Z
1D4EA	a
1D4EB	b
1D4EC	c
1D4ED	d
1D4EE	e
1D4EF	f
1D4F0	g
1D4F1	h
1D4F2	i
1D4F3	j
1D4F4	k
1D4F5	l
1D4F6	rn
1D4F7	n
1D4F8	o
1D4F9	p
1D4FA	q
1D4FB	r
1D4FC	s
1D4FD	t
1D4FE	u
1D4FF	v
1D500	w
1D501	x
1D502	y
1D503	z
1D504	A
1D505	B
1D507	D
1D508	E
1D509	F
1D50A	G
1D50D	J
1D50E	K
1D50F	L
1D510	M
1D511	N
1D512	O
1D513	P
1D514	Q
1D516	S
1D517	T
1D518	U
1D519	V
1D51A	W
1D51B	X
1D51C	Y
1D51E	a
1D51F	b
1D520	c
1D521	d
1D522	e
1D523	f
1D524	g
1D525	h
1D526	i
1D527	j
1D528	k
1D529	l
1D52A	rn
1D52B	n
1D52C	o
1D52D	p
1D52E	q
1D52F	r
1D530	s
1D531	t
1D532	u
1D533	v
1D534	w
1D535	x
1D536	y
1D537	z
1D538	A
1D539	B
1D53B	D
1D53C	E
1D53D	F
1D53E	G
1D540	I
1D541	J
1D542	K
1D543	L
1D544	M
1D546	O
1D54A	S
1D54B	T
1D54C	U
1D54D	V
1D54E	W
1D54F	X
1D550	Y
1D552	a
1D553	b
1D554	c
1D555	d
1D556	e
1D557	f
1D558	g
1D559	h
1D55A	i
1D55B	j
1D55C	k
1D55D	l
1D55E	rn
1D55F	n
1D560	o
1D561	p
1D562	q
1D563	r
1D564	s
1D565	t
1D566	u
1D567	v
1D568	w
1D569	x
1D56A	y
1D56B	z
1D56C	A
1D56D	B
1D56E	C
1D56F	D
1D570	E
1D571	F
1D572	G
1D573	H
1D574	I
1D575	J
1D576	K
1D577	L
1D578	M
1D579	N
1D57A	O
1D57B	P
1D57C	Q
1D57D	R
1D57E	S
1D57F	T
1D580	U
1D581	V
1D582	W
1D583	X
1D584	Y
1D585	Z
1D586	a
1D587	b
1D588	c
1D589	d
1D58A	e
1D58B	f
1D58C	g
1D58D	h
1D58E	i
1D58F	j
1D590	k
1D591	l
1D592	rn
1D593	n
1D594	o
1D595	p
1D596	q
1D597	r
1D598	s
1D599	t
1D59A	u
1D59B	v
1D59C	w
1D59D	x
1D59E	y
1D59F	z
1D5A0	A
1D5A1	B
1D5A2	C
1D5A3	D
1D5A4	E
1D5A5	F
1D5A6	G
1D5A7	H
1D5A8	I
1D5A9	J
1D5AA	K
1D5AB	L
1D5AC	M
1D5AD	N
1D5AE	O
1D5AF	P
1D5B0	Q
1D5B1	R
1D5B2	S
1D5B3	T
1D5B4	U
1D5B5	V
1D5B6	W
1D5B7	X
1D5B8	Y
1D5B9	Z
1D5BA	a
1D5BB	b
1D5BC	c
1D5BD	d
1D5BE	e
1D5BF	f
1D5C0	g
1D5C1	h
1D5C2	i
1D5C3	j
1D5C4	k
1D5C5	l
1D5C6	rn
1D5C7	n
1D5C8	o
1D5C9	p
1D5CA	q
1D5CB	r
1D5CC	s
1D5CD	t
1D5CE	u
1D5CF	v
1D5D0	w
1D5D1	x
1D5D2	y
1D5D3	z
1D5D4	A
1D5D5	B
1D5D6	C
1D5D7	D
1D5D8	E
1D5D9	F
1D5DA	G
1D5DB	H
1D5DC	I
1D5DD	J
1D5DE	K
1D5DF	L
1D5E0	M
1D5E1	N
1D5E2	O
1D5E3	P
1D5E4	Q
1D5E5	R
1D5E6	S
1D5E7	T
1D5E8	U
1D5E9	V
1D5EA	W
1D5EB	X
1D5EC	Y
1D5ED	Z
1D5EE	a
1D5EF	b
1D5F0	c
1D5F1	d
1D5F2	e
1D5F3	f
1D5F4	g
1D5F5	h
1D5F6	i
1D5F7	j
1D5F8	k
1D5F9	l
1D5FA	rn
1D5FB	n
1D5FC	o
1D5FD	p
1D5FE	q
1D5FF	r
1D600	s
1D601	t
1D602	u
1D603	v
1D604	w
1D605	x
1D606	y
1D607	z
1D608	A
1D609	B
1D60A	C
1D60B	D
1D60C	E
1D60D	F
1D60E	G
1D60F	H
1D610	I
1D611	J
1D612	K
1D613	L
1D614	M
1D615	N
1D616	O
1D617	P
1D618	Q
1D619	R
1D61A	S
1D61B	T
1D61C	U
1D61D	V
1D61E	W
1D61F	X
1D620	Y
1D621	Z
1D622	a
1D623	b
1D624	c
1D625	d
1D626	e
1D627	f
1D628	g
1D629	h
1D62A	i
1D62B	j
1D62C	k
1D62D	l
1D62E	rn
1D62F	n
1D630	o
1D631	p
1D632	q
1D633	r
1D634	s
1D635	t
1D636	u
1D637	v
1D638	w
1D639	x
1D63A	y
1D63B	z
1D63C	A
1D63D	B
1D63E	C
1D63F	D
1D640	E
1D641	F
1D642	G
1D643	H
1D644	I
1D645	J
1D646	K
1D647	L
1D648	M
1D649	N
1D64A	O
1D64B	P
1D64C	Q
1D64D	R
1D64E	S
1D64F	T
1D650	U
1D651	V
1D652	W
1D653	X
1D654	Y
1D655	Z
1D656	a
1D657	b
1D658	c
1D659	d
1D65A	e
1D65B	f
1D65C	g
1D65D	h
1D65E	i
1D65F	j
1D660	k
1D661	l
1D662	rn
1D663	n
1D664	o
1D665	p
1D666	q
1D667	r
1D668	s
1D669	t
1D66A	u
1D66B	v
1D66C	w
1D66D	x
1D66E	y
1D66F	z
1D670	A
1D671	B
1D672	C
1D673	D
1D674	E
1D675	F
1D676	G
1D677	H
1D678	I
1D679	J
1D67A	K
1D67B	L
1D67C	M
1D67D	N
1D67E	O
1D67F	P
1D680	Q
1D681	R
1D682	S
1D683	T
1D684	U
1D685	V
1D686	W
1D687	X
1D688	Y
1D689	Z
1D68A	a
1D68B	b
1D68C	c
1D68D	d
1D68E	e
1D68F	f
1D690	g
1D691	h
1D692	i
1D693	j
1D694	k
1D695	l
1D696	rn
1D697	n
1D698	o
1D699	p
1D69A	q
1D69B	r
1D69C	s
1D69D	t
1D69E	u
1D69F	v
1D6A0	w
1D6A1	x
1D6A2	y
1D6A3	z
1D6A4	i
1D6A5	j
1D6A8	A
1D6A9	B
1D6AC	E
1D6AD	Z
1D6AE	H
1D6AF	O
1D6B0	I
1D6B1	K
1D6B2	A
1D6B3	M
1D6B4	N
1D6B6	O
1D6B8	P
1D6B9	O
1D6BA	S
1D6BB	T
1D6BC	Y
1D6BE	X
1D6C2	a
1D6C3	b
1D6C4	y
1D6C5	d
1D6C6	e
1D6C8	n
1D6C9	o
1D6CA	i
1D6CB	k
1D6CE	v
1D6D0	o
1D6D2	p
1D6D4	o
1D6D6	u
1D6DC	e
1D6DD	o
1D6DE	k
1D6E0	p
1D6E2	A
1D6E3	B
1D6E6	E
1D6E7	Z
1D6E8	H
1D6E9	O
1D6EA	I
1D6EB	K
1D6EC	A
1D6ED	M
1D6EE	N
1D6F0	O
1D6F2	P
1D6F3	O
1D6F4	S
1D6F5	T
1D6F6	Y
1D6F8	X
1D6FC	a
1D6FD	b
1D6FE	y
1D6FF	d
1D700	e
1D702	n
1D703	o
1D704	i
1D705	k
1D708	v
1D70A	o
1D70C	p
1D70E	o
1D710	u
1D716	e
1D717	o
1D718	k
1D71A	p
1D71C	A
1D71D	B
1D720	E
1D721	Z
1D722	H
1D723	O
1D724	I
1D725	K
1D726	A
1D727	M
1D728	N
1D72A	O
1D72C	P
1D72D	O
1D72E	S
1D72F	T
1D730	Y
1D732	X
1D736	a
1D737	b
1D738	y
1D739	d
1D73A	e
1D73C	n
1D73D	o
1D73E	i
1D73F	k
1D742	v
1D744	o
1D746	p
1D748	o
1D74A	u
1D750	e
1D751	o
1D752	k
1D754	p
1D756	A
1D757	B
1D75A	E
1D75B	Z
1D75C	H
1D75D	O
1D75E	I
1D75F	K
1D760	A
1D761	M
1D762	N
1D764	O
1D766	P
1D767	O
1D768	S
1D769	T
1D76A	Y
1D76C	X
1D770	a
1D771	b
1D772	y
1D773	d
1D774	e
1D776	n
1D777	o
1D778	i
1D779	k
1D77C	v
1D77E	o
1D780	p
1D782	o
1D784	u
1D78A	e
1D78B	o
1D78C	k
1D78E	p
1D790	A
1D791	B
1D794	E
1D795	Z
1D796	H
1D797	O
1D798	I
1D799	K
1D79A	A
1D79B	M
1D79C	N
1D79E	O
1D7A0	P
1D7A1	O
1D7A2	S
1D7A3	T
1D7A4	Y
1D7A6	X
1D7AA	a
1D7AB	b
1D7AC	y
1D7AD	d
1D7AE	e
1D7B0	n
1D7B1	o
1D7B2	i
1D7B3	k
1D7B6	v
1D7B8	o
1D7BA	p
1D7BC	o
1D7BE	u
1D7C4	e
1D7C5	o
1D7C6	k
1D7C8	p
1D7CA	F
1D7CE	0
1D7CF	1
1D7D0	2
1D7D1	3
1D7D2	4
1D7D3	5
1D7D4	6
1D7D5	7
1D7D6	8
1D7D7	9
1D7D8	0
1D7D9	1
1D7DA	2
1D7DB	3
1D7DC	4
1D7DD	5
1D7DE	6
1D7DF	7
1D7E0	8
1D7E1	9
1D7E2	0
1D7E3	1
1D7E4	2
1D7E5	3
1D7E6	4
1D7E7	5
1D7E8	6
1D7E9	7
1D7EA	8
1D7EB	9
1D7EC	0
1D7ED	1
1D7EE	2
1D7EF	3
1D7F0	4
1D7F1	5
1D7F2	6
1D7F3	7
1D7F4	8
1D7F5	9
1D7F6	0
1D7F7	1
1D7F8	2
1D7F9	3
1D7FA	4
1D7FB	5
1D7FC	6
1D7FD	7
1D7FE	8
1D7FF	9
1E6E9	+
1E8C7	l
1E8CB	8
1EE00	l
1EE24	o
1EE64	o
1EE80	l
1EE84	o
1F100	O.
1F101	O,
1F102	l,
1F103	2,
1F104	3,
1F105	4,
1F106	5,
1F107	6,
1F108	7,
1F109	8,
1F10A	9,
1F10F	$
1F110	(A)
1F111	(B)
1F112	(C)
1F113	(D)
1F114	(E)
1F115	(F)
1F116	(G)
1F117	(H)
1F118	(l)
1F119	(J)
1F11A	(K)
1F11B	(L)
1F11C	(M)
1F11D	(N)
1F11E	(O)
1F11F	(P)
1F120	(Q)
1F121	(R)
1F122	(S)
1F123	(T)
1F124	(U)
1F125	(V)
1F126	(W)
1F127	(X)
1F128	(Y)
1F129	(Z)
1F12A	(S)
1F16E	C
1F700	QE
1F707	AR
1F708	V
1F714	O
1F74C	C
1F75C	sss
1F768	T
1F76B	MB
1F76C	VB
1FBF0	0
1FBF1	1
1FBF2	2
1FBF3	3
1FBF4	4
1FBF5	5
1FBF6	6
1FBF7	7
1FBF8	8
1FBF9	9
